{"fx": 606.5499877929688, "fy": 606.1288452148438, "ppx": 319.0696716308594, "ppy": 237.03292846679688, "height": 480, "width": 640, "depth_scale": 0.0010000000474974513}